year,month,spei_1month,spei_4month,spei_12month
1901,1,0.8103,NaN,NaN
1901,2,0.7192,NaN,NaN
1901,3,-0.61128,NaN,NaN
1901,4,-0.68555,0.31543,NaN
1901,5,-0.27147,-0.3468,NaN
1901,6,-1.8135,-1.9516,NaN
1901,7,-0.77504,-1.7375,NaN
1901,8,0.36075,-1.1555,NaN
1901,9,-1.0673,-1.3802,NaN
1901,10,-0.29771,-0.91958,NaN
1901,11,0.16442,-0.55999,NaN
1901,12,-0.55534,-1.1163,-1.2028
1902,1,-0.49332,-0.83964,-1.4415
1902,2,0.020618,-0.42143,-1.7398
1902,3,0.55291,-0.25086,-1.5658
1902,4,1.0005,0.34135,-1.3889
1902,5,-0.23182,0.25495,-1.3962
1902,6,-1.1539,-0.8519,-1.2826
1902,7,-0.17682,-0.75869,-1.1958
1902,8,-0.97335,-1.3763,-1.7557
1902,9,0.88185,-0.68571,-0.99584
1902,10,0.037329,-0.16882,-0.74639
1902,11,0.57019,-0.21061,-0.84097
1902,12,1.0375,0.67916,-0.60085
1903,1,-0.39425,0.015475,-0.52965
1903,2,-0.23476,0.085669,-0.5338
1903,3,-0.24787,0.054699,-0.52913
1903,4,-0.83306,-1.0605,-0.77072
1903,5,0.098922,-0.6613,-0.67459
1903,6,-0.89572,-1.1258,-0.58154
1903,7,0.26765,-0.4853,-0.55849
1903,8,0.89971,0.12898,0.084552
1903,9,0.9404,0.39653,0.029811
1903,10,1.1799,1.1072,0.51425
1903,11,0.90906,1.3665,0.64187
1903,12,0.6301,1.3583,0.56012
1904,1,0.074193,1.3472,0.57166
1904,2,-1.0659,-0.14643,0.52992
1904,3,0.93111,0.23276,0.61575
1904,4,0.24926,0.12296,0.76983
1904,5,0.95358,0.71023,0.87924
1904,6,-0.28466,0.67503,1.1192
1904,7,-0.33898,-0.0061831,0.98657
1904,8,-1.1836,-0.64447,0.41252
1904,9,-1.147,-1.1973,-0.14544
1904,10,0.17305,-1.059,-0.561
1904,11,0.091482,-1.3022,-0.90465
1904,12,0.1024,-0.92023,-0.94902
1905,1,-0.015338,-0.078255,-0.87947
1905,2,0.26473,-0.18203,-0.75625
1905,3,1.053,0.61811,-0.69126
1905,4,1.0352,0.90576,-0.67335
1905,5,0.46631,0.95738,-0.80295
1905,6,-2.0187,-0.8521,-1.3457
1905,7,-0.74059,-1.3979,-1.5907
1905,8,-1.2415,-1.8183,-1.7189
1905,9,0.25281,-1.4454,-1.2626
1905,10,-0.8365,-0.84932,-1.292
1905,11,-1.1123,-1.0722,-1.3568
1905,12,0.16327,-0.4301,-1.4233
1906,1,0.26248,-1.2212,-1.3936
1906,2,1.1822,0.47244,-1.0866
1906,3,0.54902,1.0238,-1.1714
1906,4,-1.1122,0.66536,-1.3051
1906,5,-1.2551,-0.050579,-1.5189
1906,6,0.95601,0.22382,-0.61528
1906,7,0.16943,0.082252,-0.44578
1906,8,0.11875,0.241,0.040136
1906,9,0.30233,0.60357,0.14506
1906,10,-0.67883,-0.027539,0.13298
1906,11,0.029664,-0.22729,0.21198
1906,12,0.88242,0.06316,0.42946
1907,1,0.53726,-0.33648,0.42264
1907,2,1.2339,1.2214,0.37987
1907,3,0.078631,1.4602,0.39326
1907,4,1.0764,1.6075,0.68517
1907,5,-0.56212,1.1813,0.67831
1907,6,0.025535,0.14909,0.40662
1907,7,-1.1403,-0.75399,-0.11135
1907,8,0.97148,-0.33481,0.36873
1907,9,-2.0328,-0.76849,-0.45952
1907,10,-1.51,-1.3468,-0.6525
1907,11,-0.063369,-1.0378,-0.6323
1907,12,0.75366,-2.3864,-0.78961
1908,1,0.42527,-1.2452,-0.75552
1908,2,-0.61546,-0.10559,-1.0873
1908,3,-0.537,-0.28431,-1.2647
1908,4,-1.0645,-0.92148,-1.5912
1908,5,-1.2927,-1.8005,-1.5402
1908,6,-0.59404,-1.3222,-1.7242
1908,7,0.77103,-0.15282,-1.0332
1908,8,1.4754,0.72849,-0.76001
1908,9,-0.3027,0.82133,-0.17335
1908,10,-1.1175,0.60044,-0.0384
1908,11,-1.129,0.013857,-0.20466
1908,12,-0.73305,-1.3805,-0.29215
1909,1,0.81883,-1.4742,-0.1884
1909,2,-0.0094369,-0.73238,-0.18647
1909,3,-1.4314,-0.90376,-0.23358
1909,4,1.3249,0.56662,0.12903
1909,5,0.11692,0.34106,0.24014
1909,6,1.2541,1.1575,0.78125
1909,7,0.8299,1.7525,0.80667
1909,8,-0.143,1.0101,0.06599
1909,9,0.0075342,0.77948,0.11203
1909,10,-0.95931,-0.18166,0.10667
1909,11,-0.22166,-0.90476,0.16707
1909,12,1.6557,-0.49469,0.41388
1910,1,0.12365,-0.53149,0.27225
1910,2,0.19098,0.29381,0.2715
1910,3,0.4908,0.74598,0.43859
1910,4,0.65888,0.16968,0.14502
1910,5,0.077807,0.064135,0.062538
1910,6,1.5902,1.093,0.063397
1910,7,-0.3151,0.51883,-0.46111
1910,8,1.2416,0.90037,0.041702
1910,9,0.61912,1.1034,0.36915
1910,10,1.2564,0.9289,0.99849
1910,11,0.14554,1.3788,1.1885
1910,12,-0.73413,0.92951,0.98324
1911,1,0.98601,1.2608,1.1645
1911,2,-1.6394,-0.28978,1.0703
1911,3,-0.28373,-0.73841,1.1331
1911,4,-0.531,-0.59864,1.0379
1911,5,-1.123,-1.6134,0.98564
1911,6,0.57044,0.18738,0.77742
1911,7,-3.0915,-2.1695,0.040073
1911,8,-1.1216,-2.1789,-0.79376
1911,9,0.28169,-1.3977,-0.88728
1911,10,0.22371,-1.6137,-1.2655
1911,11,1.1988,-0.22303,-1.1821
1911,12,-1.1324,0.34347,-1.1206
1912,1,0.65796,0.53502,-1.2281
1912,2,0.27423,0.69377,-1.0458
1912,3,-0.94008,-0.29482,-1.2571
1912,4,-0.39013,-0.3326,-1.1788
1912,5,0.0064675,-0.81513,-1.1186
1912,6,-1.2554,-1.645,-1.7561
1912,7,1.0904,-0.29126,-0.43282
1912,8,0.71585,0.080249,0.15609
1912,9,-0.99164,-0.30399,-0.35175
1912,10,-0.43015,0.039334,-0.40108
1912,11,1.5301,-0.14815,-0.3647
1912,12,-0.052214,-0.64456,-0.38015
1913,1,-0.75994,-0.24556,-0.52789
1913,2,1.4131,1.1621,-0.33422
1913,3,0.72397,0.6902,-0.16975
1913,4,0.34111,0.78503,-0.10454
1913,5,1.0348,1.5228,0.11239
1913,6,1.2448,1.4356,0.90291
1913,7,-0.26346,0.98015,0.54493
1913,8,-1.4954,-0.084158,-0.1782
1913,9,-1.146,-0.78707,-0.34824
1913,10,0.099149,-1.2381,-0.20859
1913,11,0.20291,-1.5361,-0.54367
1913,12,1.2901,-0.8106,-0.37559
1914,1,0.3245,0.028755,-0.3222
1914,2,0.17276,0.2452,-0.51255
1914,3,0.29803,0.52789,-0.5438
1914,4,0.74275,0.36036,-0.50346
1914,5,0.78683,0.68361,-0.56096
1914,6,0.10733,0.51515,-0.98163
1914,7,1.1797,1.1633,-0.42183
1914,8,-0.0046185,0.76073,-0.01727
1914,9,0.84095,0.77599,0.70663
1914,10,-0.42176,0.52113,0.44657
1914,11,0.16184,-0.021881,0.52196
1914,12,0.39737,0.11226,0.48302
1915,1,0.85832,-0.45684,0.58783
1915,2,0.69149,0.65994,0.70648
1915,3,0.44188,1.0107,0.83546
1915,4,0.2665,0.99115,0.75767
1915,5,0.80688,1.1202,0.72257
1915,6,0.23323,0.55374,0.70743
1915,7,-0.89703,-0.62804,-0.085941
1915,8,-0.79283,-0.87697,-0.2539
1915,9,0.31236,-0.66471,-0.50651
1915,10,0.6901,-0.54495,-0.12896
1915,11,-0.61139,-0.026092,-0.0035469
1915,12,-0.46384,0.31641,-0.089293
1916,1,-0.53445,0.10905,-0.21523
1916,2,0.14248,-0.4781,-0.4107
1916,3,-0.83511,-1.0167,-0.66716
1916,4,-0.51776,-1.1171,-0.72662
1916,5,-0.54031,-1.0779,-0.88682
1916,6,1.1431,0.37399,-0.47234
1916,7,0.28951,0.66436,-0.084252
1916,8,1.6607,1.5319,0.86594
1916,9,0.8914,1.6076,1.0572
1916,10,1.9294,1.6409,1.3766
1916,11,1.1862,2.0799,1.4709
1916,12,-0.29213,1.5351,1.467
1917,1,-0.26445,1.537,1.486
1917,2,0.72926,0.55274,1.639
1917,3,-1.1178,-0.57214,1.6132
1917,4,-0.15684,-0.4044,1.6544
1917,5,1.6015,0.96087,1.9209
1917,6,1.5976,1.3616,1.9241
1917,7,0.073444,1.311,2.1603
1917,8,1.2258,1.7312,2.0371
1917,9,2.6535,2.3716,2.6961
1917,10,2.1268,2.4326,2.5636
1917,11,-0.79907,2.7006,2.4786
1917,12,-0.42304,2.6175,2.5152
1918,1,-0.076035,1.5506,2.5276
1918,2,-1.3744,-1.3246,2.3268
1918,3,0.19588,-0.86618,2.4295
1918,4,-1.407,-1.2655,2.3482
1918,5,0.12346,-0.82565,2.2942
1918,6,-0.098969,0.048884,2.0351
1918,7,-3.2295,-2.1268,1.2821
1918,8,-0.4792,-1.7559,0.64667
1918,9,-1.6206,-2.2423,-1.1991
1918,10,-1.2547,-2.7522,-2.3453
1918,11,0.64666,-1.4736,-2.2213
1918,12,0.63718,-1.5472,-2.144
1919,1,1.6316,0.16027,-1.7762
1919,2,-0.022953,1.237,-1.6457
1919,3,-0.54526,0.58824,-1.7354
1919,4,-0.25127,0.36007,-1.6746
1919,5,0.04289,-0.59718,-1.8406
1919,6,0.10672,-0.19021,-1.8011
1919,7,0.47715,0.34298,-0.72718
1919,8,0.4013,0.64365,-0.23876
1919,9,-0.0091504,0.67332,0.35099
1919,10,0.022735,0.36568,0.67909
1919,11,0.96131,0.58391,0.75365
1919,12,0.21997,0.24011,0.77286
1920,1,1.0678,0.77799,0.59187
1920,2,-0.12935,0.76087,0.57467
1920,3,-0.18692,0.34733,0.71334
1920,4,-0.59968,0.0019225,0.72014
1920,5,0.6275,-0.16455,0.79382
1920,6,-0.034984,-0.031237,0.55084
1920,7,0.036082,-0.067584,0.59728
1920,8,-2.1775,-1.0801,-0.43109
1920,9,-1.274,-1.3808,-0.92189
1920,10,-0.74337,-1.5385,-1.0415
1920,11,-0.084352,-2.2812,-1.3416
1920,12,-0.24761,-1.665,-1.4326
1921,1,0.58163,-0.62506,-1.2887
1921,2,-0.69735,-0.35411,-1.3605
1921,3,-0.59323,-0.53132,-1.5005
1921,4,-0.45736,-0.50871,-1.379
1921,5,-1.3626,-1.9021,-1.6006
1921,6,-0.077079,-0.81436,-1.5068
1921,7,-0.061646,-0.2718,-1.9922
1921,8,0.29431,-0.19482,-1.1434
1921,9,0.64375,0.30604,-0.37129
1921,10,0.09006,0.24248,-0.090828
1921,11,-0.51026,0.26159,-0.14094
1921,12,-0.44375,0.34304,-0.045086
1922,1,1.3081,-0.12331,-0.13096
1922,2,-0.22883,-0.2141,-0.10608
1922,3,-0.3018,-0.1159,-0.10146
1922,4,0.78649,0.27834,-0.14709
1922,5,-0.22966,-0.4337,-0.075563
1922,6,0.68479,0.26034,0.077088
1922,7,0.4028,0.5145,0.25813
1922,8,-1.0444,-0.24428,-0.15036
1922,9,0.73156,0.10836,-0.12454
1922,10,-1.2975,-0.33512,-0.32628
1922,11,0.25807,-0.078021,0.031035
1922,12,0.32822,0.53944,0.053469
1923,1,-0.10895,-0.41053,0.02985
1923,2,0.88422,1.1068,0.26397
1923,3,-0.2114,0.44833,0.34676
1923,4,-0.34743,0.22058,0.27942
1923,5,-0.46238,-0.1012,0.29886
1923,6,-2.0081,-1.922,-0.42655
1923,7,0.55791,-0.96212,-0.34327
1923,8,-0.11912,-0.7285,0.042626
1923,9,0.10593,-0.362,-0.15683
1923,10,-0.19629,0.1946,-0.052993
1923,11,-0.042946,-0.13847,-0.4333
1923,12,0.39191,-0.23172,-0.38729
1924,1,0.45123,-0.29393,-0.38994
1924,2,0.1176,0.00598,-0.57437
1924,3,-0.855,-0.35069,-0.7031
1924,4,-0.60993,-0.67442,-0.71607
1924,5,-0.62001,-1.2245,-0.7195
1924,6,-1.3564,-1.7945,-0.5934
1924,7,0.54409,-0.82322,-0.72691
1924,8,0.17383,-0.48098,-0.78839
1924,9,1.9706,0.63004,-0.0067145
1924,10,0.29986,0.92605,0.069197
1924,11,1.3913,1.2603,0.43812
1924,12,0.3684,1.5946,0.40488
1925,1,-0.89844,0.62377,0.30626
1925,2,-0.2811,0.46461,0.24241
1925,3,-0.54736,-0.84583,0.26506
1925,4,0.010289,-0.9502,0.38614
1925,5,0.96711,-0.012184,0.67866
1925,6,0.9525,1.154,1.2965
1925,7,0.57622,1.4,1.4139
1925,8,-0.45464,0.79267,1.1316
1925,9,-1.4327,-0.24816,-0.054741
1925,10,-0.09838,-0.61149,-0.049428
1925,11,1.2522,-0.8801,-0.08704
1925,12,0.57673,-0.69089,-0.062721
1926,1,0.97311,0.51952,0.12929
1926,2,-0.34821,0.65159,0.13427
1926,3,1.1502,1.18,0.48256
1926,4,0.13587,0.9383,0.40783
1926,5,0.75393,0.69673,0.21801
1926,6,-1.9893,-0.73333,-0.62106
1926,7,0.51615,-0.8014,-0.81766
1926,8,1.806,0.39686,0.25697
1926,9,0.67068,0.56439,0.97115
1926,10,-0.49012,0.8963,0.72106
1926,11,-1.0571,0.65499,0.43683
1926,12,0.20411,-0.23252,0.32909
1927,1,0.18201,-1.0132,0.16571
1927,2,1.123,-0.073539,0.35588
1927,3,0.77882,0.69477,0.12349
1927,4,0.45024,0.79607,0.14272
1927,5,0.25936,0.82266,0.046551
1927,6,0.0031126,0.067387,0.58705
1927,7,0.84649,0.55295,0.75758
1927,8,-0.20874,0.27315,0.0075871
1927,9,-0.19138,0.20894,-0.34033
1927,10,-0.026297,-0.053977,-0.26609
1927,11,1.0065,-0.13989,0.1937
1927,12,0.0077417,0.0016958,0.25947
1928,1,0.28628,0.56961,0.32644
1928,2,1.5633,1.4586,0.44562
1928,3,-0.34447,0.68014,0.37321
1928,4,0.64549,0.82812,0.35894
1928,5,-0.74212,0.42408,0.28025
1928,6,-0.27747,-0.52905,0.28173
1928,7,0.39976,-0.074746,0.025242
1928,8,-0.98317,-0.67937,-0.30207
1928,9,-0.81999,-0.72703,-0.50137
1928,10,1.332,-0.10324,0.095669
1928,11,-0.050637,-0.41397,-0.25136
1928,12,0.42248,0.23352,-0.18292
1929,1,0.43255,1.2334,-0.11443
1929,2,-0.90795,-0.23786,-0.43098
1929,3,-0.37152,-0.18197,-0.46664
1929,4,0.59224,-0.0064611,-0.36252
1929,5,-0.36901,-0.60526,-0.28767
1929,6,0.28655,0.02589,-0.24427
1929,7,0.16999,0.4729,-0.18459
1929,8,-0.47544,-0.083526,0.038041
1929,9,-1.0678,-0.3571,-0.058006
1929,10,0.4006,-0.26904,-0.32487
1929,11,-0.65743,-0.66039,-0.33746
1929,12,1.7227,-0.24883,-0.16811
1930,1,-0.82631,0.44155,-0.23572
1930,2,-0.17942,0.018541,-0.18878
1930,3,0.5327,0.56771,-0.065036
1930,4,0.26822,-0.13785,-0.14663
1930,5,0.44887,0.36984,-0.077856
1930,6,0.49016,0.60195,-0.03245
1930,7,0.23913,0.8206,0.040913
1930,8,-1.5351,-0.23913,-0.354
1930,9,-0.0788,-0.30735,0.090176
1930,10,0.71554,-0.050038,0.16922
1930,11,0.58123,-0.16067,0.45688
1930,12,-0.25318,0.47721,0.2162
1931,1,-0.7648,0.52353,0.1698
1931,2,0.38897,0.36919,0.25807
1931,3,0.42038,8.7136e-05,0.20241
1931,4,0.46157,0.25016,0.17618
1931,5,0.97824,0.78211,0.19896
1931,6,-1.0826,-0.66431,-0.25952
1931,7,0.19649,-0.49671,-0.61084
1931,8,0.60355,0.13641,0.39373
1931,9,0.54197,0.30406,0.62722
1931,10,1.3053,1.0039,0.68364
1931,11,0.65732,1.3429,0.63026
1931,12,-0.18374,1.0742,0.74316
1932,1,-0.19981,1.1637,0.76751
1932,2,-0.88566,-0.3463,0.6285
1932,3,0.36397,-0.38302,0.62946
1932,4,0.10314,-0.43744,0.53177
1932,5,0.27206,-0.20302,0.53736
1932,6,-1.2656,-0.99732,0.4853
1932,7,0.72261,-0.22374,0.76683
1932,8,-0.4942,-0.32117,0.22319
1932,9,0.17255,-0.25066,0.098368
1932,10,0.16319,0.18419,-0.33901
1932,11,1.2588,0.12409,-0.25572
1932,12,0.14444,0.51598,-0.21789
1933,1,0.71802,0.61297,-0.1382
1933,2,0.57872,1.0969,0.010865
1933,3,0.041059,0.46681,0.014646
1933,4,0.64001,0.73389,0.17007
1933,5,1.4552,1.4767,0.39403
1933,6,1.1751,1.6938,1.1018
1933,7,0.10315,1.386,0.89446
1933,8,1.89,1.9567,1.7466
1933,9,1.1014,1.6575,1.9663
1933,10,0.78602,1.3258,1.9549
1933,11,0.40248,1.5191,1.7832
1933,12,0.6007,0.98016,1.818
1934,1,-0.067518,0.56891,1.8418
1934,2,-0.21364,0.13199,1.7681
1934,3,0.32439,0.38952,1.7381
1934,4,0.69152,0.25442,1.691
1934,5,0.25899,0.032105,1.3748
1934,6,1.0302,0.67821,1.2171
1934,7,0.050599,0.47666,1.4013
1934,8,0.98781,0.86249,1.1928
1934,9,-0.34027,0.5992,0.72777
1934,10,-0.46728,0.23985,0.38878
1934,11,0.28935,0.33831,0.47984
1934,12,-0.2688,-0.31213,0.36868
1935,1,0.40395,-0.095801,0.4127
1935,2,0.18621,0.36111,0.47602
1935,3,0.35548,0.14999,0.47534
1935,4,0.99244,0.65416,0.48512
1935,5,-0.19636,0.14762,0.3725
1935,6,-0.5181,-0.516,-0.098895
1935,7,0.72959,0.054122,0.21
1935,8,-0.40524,-0.24333,-0.34968
1935,9,0.44201,0.15546,-0.15512
1935,10,-0.80835,0.14086,-0.2482
1935,11,-0.5556,-0.54129,-0.40037
1935,12,-0.31525,-0.34388,-0.37192
1936,1,-0.70026,-1.4711,-0.52849
1936,2,0.37926,-0.60142,-0.35874
1936,3,0.60431,0.12536,-0.25718
1936,4,-0.75253,-0.17637,-0.41682
1936,5,0.23168,0.34703,-0.15313
1936,6,1.7601,1.5504,0.69707
1936,7,-0.23382,0.82287,0.2687
1936,8,-0.30999,0.67501,0.25659
1936,9,0.56609,0.6697,0.37719
1936,10,-0.19594,-0.22544,0.37748
1936,11,1.2249,0.33836,0.82033
1936,12,0.48425,0.78838,0.91581
1937,1,-0.12654,0.52353,0.93578
1937,2,1.0606,1.4887,1.0328
1937,3,0.19245,0.65756,0.90912
1937,4,1.693,1.3663,1.235
1937,5,0.3467,1.5734,1.12
1937,6,-0.10696,0.63081,0.54702
1937,7,1.0663,1.2125,1.1097
1937,8,-1.5408,-0.24935,0.74979
1937,9,0.48289,-0.034772,0.68486
1937,10,0.59241,0.28191,0.8195
1937,11,-0.93459,-0.49364,0.49707
1937,12,0.49346,0.43544,0.47825
1938,1,1.233,0.54631,0.63627
1938,2,0.48463,0.28931,0.43389
1938,3,0.48696,0.87375,0.52108
1938,4,-0.57407,0.46509,0.14844
1938,5,0.12183,0.2544,0.20222
1938,6,1.8959,1.5174,0.83335
1938,7,0.29321,1.1711,0.48145
1938,8,0.17187,1.0233,0.94001
1938,9,-0.23668,0.7264,0.69817
1938,10,0.22064,-0.15174,0.51074
1938,11,0.28489,-0.41872,0.52036
1938,12,0.044706,-0.51922,0.45867
1939,1,-0.27277,-0.27586,0.31749
1939,2,1.0142,0.22251,0.41103
1939,3,0.85715,0.65931,0.44964
1939,4,0.59712,0.90351,0.55812
1939,5,-1.2108,0.47395,0.32339
1939,6,-0.075107,-0.14189,-0.34564
1939,7,-0.47038,-0.84682,-0.71488
1939,8,-0.44381,-1.0712,-0.885
1939,9,-0.21307,-0.71695,-0.89822
1939,10,0.64327,-0.29809,-0.56933
1939,11,0.51629,-0.091401,-0.46407
1939,12,0.14369,0.047233,-0.46163
1940,1,-0.2536,0.36494,-0.40354
1940,2,-0.12024,0.069255,-0.55998
1940,3,1.0332,0.46389,-0.48101
1940,4,-0.44792,0.32596,-0.58802
1940,5,0.18181,0.41856,-0.24612
1940,6,0.66497,0.75616,-0.074947
1940,7,0.10034,0.46304,0.14318
1940,8,1.0045,0.99968,0.65218
1940,9,-1.499,-0.05258,0.21748
1940,10,-0.18256,-0.31043,-0.047417
1940,11,0.46052,-0.31621,0.018328
1940,12,0.23654,-1.1114,0.11995
1941,1,1.1873,0.24705,0.20989
1941,2,0.24902,0.66739,0.16441
1941,3,-0.056775,0.40365,-0.055421
1941,4,0.80118,0.53729,0.042411
1941,5,0.38147,0.25883,-0.049862
1941,6,0.06566,0.013819,-0.1236
1941,7,-1.5594,-0.95306,-0.78429
1941,8,-0.89074,-1.1602,-1.4065
1941,9,-0.42598,-1.1116,-1.062
1941,10,-1.0109,-1.3182,-1.0298
1941,11,-0.57374,-0.99932,-1.2275
1941,12,0.28745,-0.80104,-1.1849
1942,1,-0.18641,-0.85412,-1.2344
1942,2,1.0535,0.47534,-0.99484
1942,3,-0.414,0.48325,-1.004
1942,4,0.048475,0.36635,-0.98115
1942,5,-0.43986,0.11784,-1.0684
1942,6,0.41153,-0.17631,-1.0169
1942,7,1.0658,0.93261,-0.078396
1942,8,1.2928,1.2498,0.57436
1942,9,0.43122,1.1753,0.89054
1942,10,-1.0347,0.58166,0.6466
1942,11,0.37616,0.13615,0.63984
1942,12,1.0426,-0.15843,0.71045
1943,1,1.4203,0.01105,0.97731
1943,2,0.33216,1.0362,0.76782
1943,3,0.6352,1.3974,0.8814
1943,4,1.1062,1.3759,0.95145
1943,5,0.65218,1.0608,1.173
1943,6,-0.19339,0.66777,1.0447
1943,7,0.39488,0.86002,0.92106
1943,8,-0.69148,0.25429,0.3086
1943,9,1.1187,0.2891,0.55941
1943,10,0.56174,0.67279,0.98617
1943,11,0.0085429,0.37129,0.97725
1943,12,0.20521,0.75155,0.86416
1944,1,0.98464,0.54476,0.68973
1944,2,0.89219,0.65744,0.87968
1944,3,1.1676,1.3762,1.0492
1944,4,-0.12911,1.2916,0.89948
1944,5,-1.2696,0.63738,0.60907
1944,6,-0.071342,0.027613,0.56265
1944,7,1.3373,0.47118,0.95077
1944,8,0.91298,0.93345,1.5383
1944,9,-0.38802,0.84352,1.0818
1944,10,0.91594,1.0919,0.96965
1944,11,0.30088,0.72455,1.0807
1944,12,-0.077103,0.051798,1.1524
1945,1,1.5305,1.1137,1.2092
1945,2,-0.10031,0.53341,1.0263
1945,3,-0.95133,-0.037508,0.6808
1945,4,0.063651,-0.0028446,0.72209
1945,5,0.11839,-0.70929,0.79695
1945,6,-0.015984,-0.28814,0.80313
1945,7,0.968,0.45312,0.67119
1945,8,-0.16263,0.095505,0.08502
1945,9,0.91513,0.52648,0.63819
1945,10,0.34135,0.65922,0.46076
1945,11,-0.29161,0.28605,0.36561
1945,12,0.35702,0.52687,0.30719
1946,1,-0.61981,-0.32168,0.07351
1946,2,-0.33639,-0.85843,0.10339
1946,3,-1.4912,-1.3574,0.070333
1946,4,0.38362,-0.88943,0.11531
1946,5,0.673,-0.35011,0.18682
1946,6,0.97088,0.6985,0.50892
1946,7,0.087947,0.78646,0.24292
1946,8,0.53433,0.85016,0.64016
1946,9,-0.81175,0.30837,0.0091602
1946,10,0.17772,-0.0096235,-0.021206
1946,11,0.75937,0.52329,0.4677
1946,12,0.34073,0.30853,0.67846
1947,1,0.21346,1.0347,0.77402
1947,2,0.50825,0.91001,0.82146
1947,3,0.7192,0.72019,0.96335
1947,4,0.45328,0.66164,0.91648
1947,5,-0.70061,0.14633,0.7448
1947,6,-1.0327,-1.0209,0.15575
1947,7,0.24437,-0.92411,0.095331
1947,8,1.1586,-0.091854,0.1247
1947,9,1.7516,0.99087,1.1699
1947,10,0.22082,1.2278,0.98132
1947,11,-0.20006,1.165,0.52945
1947,12,0.93315,1.1127,0.49969
1948,1,0.69796,0.35505,0.6007
1948,2,0.4907,0.58725,0.68508
1948,3,0.5028,1.093,0.7293
1948,4,-0.35615,0.72751,0.70555
1948,5,-0.9124,-0.088983,0.83925
1948,6,-0.6313,-0.45673,0.97015
1948,7,0.6329,0.085595,1.1934
1948,8,0.93868,0.46312,1.0207
1948,9,0.25383,0.38091,0.43693
1948,10,-0.089736,0.41484,0.33497
1948,11,1.7832,0.86447,0.90028
1948,12,0.14176,0.63458,0.79489
1949,1,-0.92366,0.53355,0.61632
1949,2,0.35196,1.0817,0.6382
1949,3,-0.4849,-0.61704,0.48864
1949,4,0.04079,-0.38733,0.54623
1949,5,0.5542,0.32591,0.65161
1949,6,-0.1332,-0.22487,0.71137
1949,7,0.8586,0.83855,0.92125
1949,8,-0.021986,0.41612,0.47797
1949,9,1.1392,0.71282,0.87054
1949,10,0.83741,0.97398,1.0668
1949,11,0.090677,0.5971,0.6341
1949,12,0.00776,0.83,0.63423
1950,1,-0.27747,0.48848,0.75222
1950,2,0.88052,-0.0212,0.73683
1950,3,0.88594,0.65146,0.8891
1950,4,-0.1953,0.47714,0.72184
1950,5,-0.47925,0.25686,0.44353
1950,6,-0.78873,-0.71436,0.41359
1950,7,0.95864,0.053758,0.57228
1950,8,0.076007,0.08814,0.68226
1950,9,0.52524,0.50623,0.38938
1950,10,-0.29914,0.46211,-0.0021824
1950,11,0.58075,0.13069,0.13249
1950,12,0.31838,0.12127,0.15928
1951,1,0.29492,-0.27341,0.11901
1951,2,-0.94668,-0.18495,-0.086932
1951,3,1.1941,0.33562,-0.00040636
1951,4,2.0926,1.234,0.29111
1951,5,0.39445,1.2389,0.38889
1951,6,-0.22675,0.75018,0.37482
1951,7,-0.76899,-0.45697,-0.35354
1951,8,-0.58484,-1.0186,-0.5554
1951,9,-1.6342,-1.4977,-1.3702
1951,10,-0.47412,-1.423,-1.1893
1951,11,0.21259,-1.1164,-1.1763
1951,12,-0.84934,-1.2972,-1.242
1952,1,-2.0232,-0.89408,-1.3151
1952,2,0.045807,-1.005,-1.2444
1952,3,0.84671,-0.60066,-1.2997
1952,4,0.75362,0.11799,-1.4856
1952,5,0.42984,0.77878,-1.3569
1952,6,0.22348,0.6798,-1.1418
1952,7,0.12071,0.41342,-0.81437
1952,8,0.24204,0.40043,-0.53936
1952,9,-1.4839,-0.48118,-0.47877
1952,10,-0.60694,-0.43333,-0.34131
1952,11,-1.9481,-0.96182,-0.63042
1952,12,0.15611,-1.3286,-0.41816
1953,1,1.6438,-0.14726,-0.15658
1953,2,-0.84132,-0.47079,-0.25386
1953,3,-0.34336,0.23409,-0.34412
1953,4,1.2947,0.5977,-0.2441
1953,5,0.39339,-0.026618,-0.43313
1953,6,0.52468,0.51593,-0.38468
1953,7,0.93696,0.8495,-0.24437
1953,8,1.2368,1.1658,0.29213
1953,9,0.45503,1.1768,0.82622
1953,10,-0.032802,1.2633,0.93904
1953,11,-1.2763,0.89226,1.0134
1953,12,-1.957,-0.05135,0.86176
1954,1,0.7891,-0.62257,0.82642
1954,2,0.50986,-0.52954,1.0604
1954,3,0.3217,0.11799,1.0206
1954,4,0.39271,0.79677,0.91846
1954,5,0.84065,0.82269,0.96679
1954,6,0.035041,-0.020269,0.79424
1954,7,0.62552,0.21683,0.69138
1954,8,-0.74345,-0.24211,-0.20811
1954,9,1.6606,0.67327,0.60566
1954,10,0.55158,0.83032,0.48571
1954,11,-1.0175,0.55285,0.44409
1954,12,0.10183,1.1626,0.5863
1955,1,1.0444,0.031383,0.56488
1955,2,-0.51738,-0.66079,0.31603
1955,3,-0.41489,-0.10166,0.32337
1955,4,0.24869,-0.13012,0.32101
1955,5,0.94026,-0.16301,0.41599
1955,6,0.59009,0.77909,0.596
1955,7,-1.2142,-0.31911,0.1214
1955,8,1.8389,0.95266,1.1466
1955,9,1.5105,1.148,0.89868
1955,10,2.2587,1.7822,1.4435
1955,11,0.2667,2.4085,1.6646
1955,12,0.25522,2.0165,1.649
1956,1,0.42357,1.9327,1.5665
1956,2,-0.39315,-0.25066,1.6326
1956,3,-0.055382,-0.22123,1.6537
1956,4,-0.71519,-0.5471,1.6063
1956,5,1.1526,0.38248,1.619
1956,6,1.5417,1.3899,1.8682
1956,7,2.0105,2.4828,2.9533
1956,8,0.50033,2.2447,2.587
1956,9,0.01719,1.6527,2.1695
1956,10,2.6029,1.9953,2.0748
1956,11,1.7421,1.7566,2.3544
1956,12,0.87837,1.8872,2.3951
1957,1,1.8705,2.9784,2.5854
1957,2,0.40121,1.8791,2.6635
1957,3,1.4973,1.7008,2.6724
1957,4,0.9988,1.758,2.6982
1957,5,0.62068,1.2021,2.5571
1957,6,-0.041419,0.51013,2.0245
1957,7,0.38277,0.27712,1.6374
1957,8,0.70039,0.41314,1.7201
1957,9,-1.101,-0.28786,1.2959
1957,10,-0.27801,-0.2739,0.25067
1957,11,-0.011242,-0.39504,-0.0064717
1957,12,0.095593,-0.95498,-0.0046389
1958,1,-0.90849,-0.74019,-0.33131
1958,2,-0.11365,-0.55139,-0.33989
1958,3,-0.065249,-0.66634,-0.52282
1958,4,0.26836,-0.51477,-0.55741
1958,5,-0.15012,-0.44463,-0.59929
1958,6,-1.9143,-1.5692,-1.0118
1958,7,0.92979,-0.27178,-0.85122
1958,8,0.89776,0.24009,-0.77346
1958,9,1.5112,0.83664,0.34649
1958,10,1.4872,1.6655,0.75434
1958,11,0.8862,1.7418,0.84043
1958,12,0.92471,1.6537,0.89143
1959,1,1.3911,1.7068,1.0808
1959,2,0.49709,1.2723,1.1728
1959,3,-1.4039,0.17423,1.1137
1959,4,0.099004,-0.022358,1.0458
1959,5,0.45859,-0.37146,1.027
1959,6,-0.099199,-0.4346,1.406
1959,7,1.1835,0.7454,1.6877
1959,8,0.49881,0.93515,1.588
1959,9,1.3958,1.1948,1.5102
1959,10,1.444,1.4919,1.366
1959,11,0.7363,1.4261,1.3483
1959,12,-0.80055,1.466,1.2733
1960,1,0.0019535,1.0821,1.0988
1960,2,-2.6417,-1.5085,0.84307
1960,3,1.4955,-0.43449,1.0758
1960,4,-0.53041,-0.49847,0.99432
1960,5,-0.95143,-0.84567,0.81702
1960,6,-0.14842,-0.090183,0.74284
1960,7,0.41716,-0.37309,0.64368
1960,8,-0.21857,-0.1156,0.55031
1960,9,-0.34198,0.082341,-0.085679
1960,10,-0.18175,-5.7654e-05,-0.50108
1960,11,-0.44747,-0.10663,-0.48812
1960,12,-0.95422,-0.49583,-0.46303
1961,1,0.56968,-0.23252,-0.34715
1961,2,1.5114,0.68003,0.061794
1961,3,-0.93015,0.33117,-0.15474
1961,4,-0.29983,0.35957,-0.088981
1961,5,0.62344,0.48626,0.079382
1961,6,0.90009,0.4672,0.38781
1961,7,0.94485,1.0527,0.63825
1961,8,0.78726,1.2775,0.75832
1961,9,1.0824,1.4366,1.3639
1961,10,1.6476,1.5648,1.7223
1961,11,1.0861,1.5735,1.7018
1961,12,1.0372,1.6079,1.7715
1962,1,-0.094881,1.3547,1.6487
1962,2,0.59881,0.38405,1.5365
1962,3,0.43348,0.33644,1.5333
1962,4,0.85336,0.49832,1.5973
1962,5,-0.13847,0.48348,1.4935
1962,6,-0.9521,-0.70315,1.0402
1962,7,0.4131,-0.13577,1.1313
1962,8,0.60583,0.0045792,0.97127
1962,9,1.649,0.65694,0.79214
1962,10,-0.024442,1.0017,0.39098
1962,11,-0.060932,1.0028,0.35462
1962,12,1.5706,1.3269,0.50339
1963,1,-0.86965,-0.052284,0.47161
1963,2,-1.4257,-0.73054,0.34346
1963,3,0.69953,-0.0074769,0.43535
1963,4,1.5012,0.11266,0.50073
1963,5,0.30511,0.36679,0.49968
1963,6,-0.31219,0.33169,0.70428
1963,7,-1.3139,-0.89521,0.29928
1963,8,0.96377,-0.33556,0.55093
1963,9,-0.34536,-0.47056,-0.21773
1963,10,0.71445,0.011671,-0.063333
1963,11,1.055,0.7576,0.048427
1963,12,0.27399,0.34757,-0.11568
1964,1,-0.77266,0.76364,-0.062003
1964,2,-0.54343,-0.28982,0.014242
1964,3,-1.4566,-1.4368,-0.19627
1964,4,-0.99499,-1.8453,-0.39343
1964,5,-0.69772,-1.9797,-0.47793
1964,6,-0.33577,-1.2749,-0.53551
1964,7,1.3431,0.24825,0.33461
1964,8,0.4762,0.58841,0.087244
1964,9,0.82673,0.99346,0.54033
1964,10,-0.51533,0.8592,0.14441
1964,11,-0.79263,0.33781,0.057082
1964,12,-0.59845,0.10365,0.021411
1965,1,-0.64273,-1.0479,-0.0033809
1965,2,0.081178,-0.87467,0.072865
1965,3,0.35557,-0.38539,0.21202
1965,4,1.5119,0.4617,0.37973
1965,5,-0.45302,0.19443,0.34791
1965,6,-2.0242,-1.2652,-0.0095638
1965,7,-0.35022,-1.2476,-0.60517
1965,8,-1.4597,-2.0935,-1.4739
1965,9,-1.1618,-2.0528,-2.2862
1965,10,-1.5771,-1.9108,-2.3921
1965,11,-1.5185,-2.4315,-2.552
1965,12,0.075297,-1.8138,-2.4213
1966,1,-0.50952,-2.1077,-2.3395
1966,2,-1.2305,-1.3415,-2.4208
1966,3,-0.74999,-1.0034,-2.4831
1966,4,-0.61449,-1.3912,-2.6638
1966,5,-0.6911,-1.6971,-2.5977
1966,6,0.12864,-0.44799,-2.0094
1966,7,-1.0458,-1.035,-2.5906
1966,8,-1.0823,-1.2351,-2.3505
1966,9,-0.63114,-1.1928,-2.1892
1966,10,-1.6281,-1.4676,-1.796
1966,11,1.2093,-0.90257,-1.4537
1966,12,-0.055796,-0.73524,-1.4895
1967,1,-0.84556,-1.1138,-1.485
1967,2,-2.638,-0.78157,-1.6213
1967,3,2.2239,0.63028,-1.0356
1967,4,0.35353,0.60475,-0.97348
1967,5,-1.5975,0.15349,-1.0768
1967,6,-0.46336,0.23489,-1.2871
1967,7,0.13681,-0.71365,-0.89363
1967,8,0.2994,-0.31859,-0.32526
1967,9,0.031588,-0.1083,-0.024626
1967,10,-1.2751,-0.26644,-0.11073
1967,11,-0.95461,-0.5357,-0.54958
1967,12,2.9732,0.089843,-0.068366
1968,1,1.4907,0.4453,0.064763
1968,2,0.95553,1.6496,0.25252
1968,3,0.76203,2.2906,-0.12154
1968,4,0.45101,1.1663,-0.08404
1968,5,-1.4411,0.041004,-0.084923
1968,6,-1.2326,-1.0271,-0.14935
1968,7,0.11303,-0.78033,-0.22337
1968,8,-1.6332,-1.5731,-0.83388
1968,9,-1.5466,-1.5051,-1.2833
1968,10,-0.34254,-1.1641,-0.89897
1968,11,-1.2099,-1.6501,-0.85054
1968,12,-0.68831,-1.513,-1.4367
1969,1,-1.5246,-1.3065,-1.6192
1969,2,-1.4558,-1.9115,-1.8266
1969,3,-1.907,-2.6153,-2.0256
1969,4,-0.85408,-2.5785,-2.0411
1969,5,0.39618,-1.6145,-1.722
1969,6,-1.5076,-1.6071,-1.8179
1969,7,0.27644,-0.43306,-2.0375
1969,8,-0.035674,-0.29542,-1.5157
1969,9,-0.14267,-0.48798,-0.97561
1969,10,-1.3861,-0.15546,-0.98443
1969,11,0.6452,-0.24217,-0.83546
1969,12,-0.60652,-0.34483,-0.78999
1970,1,0.63621,-0.76449,-0.63624
1970,2,0.74759,0.76888,-0.45875
1970,3,0.67606,0.83508,-0.25964
1970,4,-0.77127,0.54456,-0.3356
1970,5,-0.3223,0.25853,-0.45888
1970,6,1.4688,0.95707,0.31697
1970,7,-1.4528,-0.32126,-0.21597
1970,8,1.259,0.57648,0.27355
1970,9,1.1419,1.003,0.69172
1970,10,-0.10936,0.40932,0.75365
1970,11,-1.5559,0.93616,0.56098
1970,12,-2.7853,0.20834,0.41689
1971,1,0.20325,-1.2433,0.37768
1971,2,0.023047,-1.4941,0.29056
1971,3,-0.45565,-1.1432,0.1572
1971,4,0.40058,-0.099606,0.35418
1971,5,1.7956,0.87613,0.58346
1971,6,1.6908,1.6554,0.71283
1971,7,-0.65441,1.0718,1.1227
1971,8,0.5655,1.003,0.67829
1971,9,-0.66478,0.35724,0.014261
1971,10,1.0743,0.024387,0.33801
1971,11,-0.39456,0.0033225,0.37163
1971,12,-0.89828,-0.29391,0.50423
1972,1,-1.8306,0.043588,0.41883
1972,2,1.1976,-0.58922,0.51094
1972,3,-1.2293,-0.87768,0.52037
1972,4,0.40198,-0.5623,0.46977
1972,5,-1.4065,-0.56431,0.21742
1972,6,-1.4199,-1.7032,-0.79087
1972,7,-2.2699,-2.6534,-1.6878
1972,8,-1.0857,-2.5048,-2.1168
1972,9,-1.3131,-2.4389,-2.356
1972,10,-0.69384,-1.8482,-2.5354
1972,11,-0.030274,-1.2056,-2.4746
1972,12,0.25967,-1.2034,-2.3504
1973,1,-1.1706,-0.71764,-2.2455
1973,2,-0.26336,-0.29687,-2.4042
1973,3,-0.67743,-0.72179,-2.3309
1973,4,-2.5765,-2.0073,-2.511
1973,5,-1.0236,-2.1256,-2.4713
1973,6,-0.11596,-1.2298,-2.0876
1973,7,-0.10095,-0.72772,-1.4366
1973,8,1.6637,0.75506,-0.38656
1973,9,0.2945,0.84985,0.24578
1973,10,1.293,1.293,0.73337
1973,11,-0.52696,1.3801,0.63692
1973,12,1.0756,0.84334,0.60396
1974,1,-1.3898,0.88851,0.59384
1974,2,-0.55799,-0.62342,0.57853
1974,3,-1.4304,-1.1355,0.52708
1974,4,-0.6959,-1.8083,0.62818
1974,5,0.62035,-0.92886,0.71705
1974,6,-1.0714,-1.4119,0.43694
1974,7,-0.66853,-1.3447,0.20893
1974,8,-1.2054,-1.4406,-0.85983
1974,9,-1.2783,-1.5919,-1.5236
1974,10,0.77858,-0.85812,-1.5561
1974,11,-1.4916,-1.1408,-1.6727
1974,12,0.21779,-0.78641,-1.7508
1975,1,0.17307,0.453,-1.6582
1975,2,0.689,-0.39161,-1.5866
1975,3,0.19814,0.12113,-1.4315
1975,4,-1.8654,-0.57689,-1.4877
1975,5,-0.48134,-0.90548,-1.6333
1975,6,0.66341,-0.056294,-1.0976
1975,7,1.2368,0.51121,-0.57659
1975,8,1.2029,1.2545,0.24725
1975,9,1.8687,1.8604,1.2297
1975,10,1.5214,1.9904,1.3122
1975,11,-0.19538,1.8219,1.4647
1975,12,-1.5299,1.5779,1.4116
1976,1,-0.23138,0.83136,1.3699
1976,2,-0.070271,-0.72583,1.3728
1976,3,-0.31889,-0.83372,1.3436
1976,4,0.88583,-0.0011321,1.4853
1976,5,-0.21548,-0.16987,1.4494
1976,6,-0.15682,-0.36989,1.2321
1976,7,0.17338,-0.21645,1.098
1976,8,1.559,0.4248,1.1851
1976,9,-0.50236,0.28449,0.3663
1976,10,-1.8446,-0.1529,-0.58882
1976,11,0.85632,0.12694,-0.29856
1976,12,-0.80654,-0.80036,-0.26894
1977,1,-0.48321,-0.96344,-0.22198
1977,2,-0.72187,0.019723,-0.33284
1977,3,-1.8801,-1.9867,-0.48658
1977,4,1.7638,-0.48782,-0.271
1977,5,2.217,0.74032,0.1179
1977,6,0.94066,1.3434,0.42448
1977,7,0.92554,2.0545,0.71608
1977,8,0.016498,1.3271,0.23032
1977,9,-0.27482,0.43131,0.22909
1977,10,-0.09408,0.2932,0.71609
1977,11,1.6019,0.35258,0.84376
1977,12,0.23361,0.54034,0.9296
1978,1,-0.18155,0.45879,0.89862
1978,2,1.5888,1.4436,1.1479
1978,3,1.573,1.3132,1.4951
1978,4,0.35686,1.4081,1.2258
1978,5,-1.5778,1.1278,0.85525
1978,6,1.2371,1.0976,0.9648
1978,7,0.96397,1.0404,0.96702
1978,8,1.0853,1.3589,1.4244
1978,9,0.013412,1.2748,1.5429
1978,10,-1.1676,0.50281,1.1452
1978,11,1.479,0.59713,1.0404
1978,12,0.35735,0.001098,1.1254
1979,1,0.66825,0.23822,1.1983
1979,2,2.0216,1.8826,1.3372
1979,3,0.52495,1.5592,1.2008
1979,4,-1.6254,0.8672,1.0558
1979,5,-0.11781,0.50953,1.0926
1979,6,-1.1105,-0.92903,0.50549
1979,7,-1.3737,-1.9327,-0.21105
1979,8,-1.8521,-2.0471,-1.1554
1979,9,-1.1254,-2.0353,-1.6056
1979,10,-1.0004,-1.9147,-1.4895
1979,11,2.0213,-1.0679,-1.2589
1979,12,1.1476,-0.47255,-1.2719
1980,1,-0.43489,0.48625,-1.3486
1980,2,-0.40172,1.2174,-1.6664
1980,3,0.59419,0.12554,-1.6533
1980,4,-1.3659,-0.70311,-1.5503
1980,5,-1.3459,-1.1958,-1.653
1980,6,1.8554,1.0904,-0.78629
1980,7,0.52169,1.0761,-0.21622
1980,8,-0.031579,0.98507,0.36268
1980,9,-0.81124,0.59369,0.43557
1980,10,-1.1774,-0.53926,0.37038
1980,11,-0.38625,-0.98446,-0.17538
1980,12,0.67114,-1.0784,-0.14522
1981,1,1.4214,-0.35611,0.022819
1981,2,-0.81699,0.36266,-0.026674
1981,3,1.4966,1.236,0.13741
1981,4,-0.37271,0.73507,0.18486
1981,5,0.42364,0.41485,0.31393
1981,6,-0.91666,-0.10577,-0.54783
1981,7,0.69517,-0.080343,-0.52453
1981,8,-0.52364,-0.31485,-0.74419
1981,9,0.52169,-0.03695,-0.21418
1981,10,-0.96579,-0.030487,-0.13043
1981,11,0.63002,-0.37621,-0.019699
1981,12,0.51855,-0.068463,-0.060595
1982,1,0.6888,-0.13413,-0.024605
1982,2,1.1218,1.0556,0.12706
1982,3,1.4606,1.6384,0.18318
1982,4,1.3352,1.8267,0.36017
1982,5,1.4827,2.0167,0.40776
1982,6,-0.71714,0.72031,0.42005
1982,7,-1.9157,-1.0505,-0.43848
1982,8,0.089959,-0.98388,-0.091571
1982,9,-1.689,-1.6761,-0.8995
1982,10,-0.69697,-1.5979,-0.81724
1982,11,1.8196,-0.60794,-0.66495
1982,12,-0.22846,-1.0721,-0.71009
1983,1,-0.25253,0.1588,-0.76269
1983,2,0.74854,1.1478,-0.81293
1983,3,0.30459,0.31565,-0.95691
1983,4,1.6315,1.0799,-0.8283
1983,5,0.9207,1.4784,-0.85642
1983,6,-0.30443,0.62597,-0.82478
1983,7,0.22859,0.41307,-0.26018
1983,8,1.2061,0.57181,0.066305
1983,9,1.8713,1.1731,1.2844
1983,10,1.0041,1.3379,1.4789
1983,11,-1.1912,1.3562,1.1971
1983,12,1.0044,1.3348,1.3409
1984,1,1.2923,0.57464,1.3974
1984,2,1.6973,0.72492,1.5691
1984,3,-0.85711,0.8247,1.3941
1984,4,-0.043119,0.60466,1.1485
1984,5,-2.7749,-0.80507,0.83759
1984,6,0.046896,-0.67798,1.1876
1984,7,-0.29544,-0.56208,1.0884
1984,8,-0.24983,-0.40166,0.80014
1984,9,-0.33608,-0.17656,-0.19401
1984,10,-0.77836,-0.54149,-0.45427
1984,11,-1.3603,-0.58547,-0.44315
1984,12,-1.6566,-0.9347,-0.57592
1985,1,0.95454,-1.0111,-0.51706
1985,2,-1.342,-1.4855,-0.89442
1985,3,-2.2051,-2.0017,-0.99034
1985,4,0.013133,-1.3437,-1.0073
1985,5,-0.91535,-2.4173,-0.88508
1985,6,-0.40121,-1.4172,-1.2458
1985,7,0.1955,-0.51784,-1.1924
1985,8,-0.63927,-0.69699,-1.5707
1985,9,-0.79415,-0.72566,-1.5736
1985,10,1.4427,-0.090967,-0.86479
1985,11,-0.91838,-0.30728,-0.86905
1985,12,0.1675,0.17008,-0.71392
1986,1,0.19691,0.99802,-0.7614
1986,2,1.8425,0.63659,-0.39363
1986,3,0.2535,1.0703,-0.1908
1986,4,-0.0036561,1.0745,-0.13832
1986,5,-0.037885,0.90772,-0.080774
1986,6,0.50282,0.44341,0.18725
1986,7,-0.42295,0.028991,0.044183
1986,8,-0.84498,-0.51801,0.0032076
1986,9,-1.7265,-0.99909,-0.25824
1986,10,-0.46747,-1.2155,-0.74646
1986,11,0.28907,-1.1715,-0.56647
1986,12,1.3224,-0.98342,-0.5182
1987,1,0.017506,0.12249,-0.55761
1987,2,-0.25579,0.46413,-0.84118
1987,3,0.59498,0.51141,-0.81247
1987,4,-0.49198,-0.17496,-0.86124
1987,5,0.95561,0.19811,-0.70725
1987,6,-1.2527,-0.83251,-1.2602
1987,7,-2.5075,-2.3654,-2.2406
1987,8,-0.82918,-2.0544,-2.2376
1987,9,-1.3876,-2.2535,-1.9658
1987,10,0.22478,-1.3636,-1.4722
1987,11,-0.27716,-0.54156,-1.4598
1987,12,0.36607,-0.35497,-1.4804
1988,1,-1.4975,-0.031879,-1.5331
1988,2,-0.30501,-0.18119,-1.5289
1988,3,0.75416,0.20994,-1.4039
1988,4,-0.21401,-0.23227,-1.3505
1988,5,-1.5576,-0.46071,-1.5288
1988,6,-0.1236,0.018375,-1.1441
1988,7,1.7683,0.97447,0.20396
1988,8,1.2654,1.2666,0.77476
1988,9,0.86937,1.4511,1.2648
1988,10,-0.7012,0.98541,0.84502
1988,11,-1.3295,0.31534,0.61534
1988,12,-0.22725,-0.20288,0.54617
1989,1,-0.42667,-1.0678,0.6145
1989,2,-1.1636,-1.2539,0.54364
1989,3,0.7589,-0.24585,0.43654
1989,4,-1.0642,-0.7282,0.36042
1989,5,-1.4765,-1.1896,0.31577
1989,6,0.90446,0.22748,0.48428
1989,7,0.74224,0.37305,0.16795
1989,8,-0.36153,0.28972,-0.28242
1989,9,-0.24321,0.28534,-0.74216
1989,10,-1.6736,-0.38684,-0.72297
1989,11,-1.1888,-0.88471,-0.69758
1989,12,0.95873,-0.95181,-0.66719
1990,1,-2.649,-2.077,-0.73032
1990,2,1.317,-0.017343,-0.39177
1990,3,1.6376,1.2473,-0.18566
1990,4,-0.42251,0.74205,-0.10029
1990,5,2.5795,2.8504,0.49109
1990,6,0.65635,2.0011,0.48966
1990,7,0.031242,1.4723,0.55252
1990,8,0.52498,1.4988,0.96487
1990,9,0.6228,0.84302,1.2621
1990,10,0.86611,0.90085,1.6358
1990,11,-0.11311,0.94564,1.792
1990,12,0.28593,1.1032,1.8564
1991,1,0.11464,0.77262,1.8913
1991,2,-0.5522,-0.0012668,1.7147
1991,3,-0.10086,-0.23864,1.4689
1991,4,0.9175,0.05783,1.5275
1991,5,-0.61855,-0.31913,1.0137
1991,6,0.4179,0.32913,0.94231
1991,7,-0.825,-0.065396,0.61822
1991,8,0.072184,-0.11486,0.33433
1991,9,-0.88928,-0.45921,-0.29131
1991,10,-1.6492,-0.96045,-0.70116
1991,11,0.34774,-0.78387,-0.68851
1991,12,0.47458,-1.1335,-0.72615
1992,1,-0.8054,-0.90333,-0.68213
1992,2,0.46412,0.36244,-0.66937
1992,3,-1.1395,-0.53116,-0.70386
1992,4,-0.64368,-1.0741,-0.90308
1992,5,-0.35683,-1.0309,-0.90927
1992,6,-1.5089,-1.6605,-1.4248
1992,7,-0.3876,-1.4151,-1.5236
1992,8,0.82975,-0.54124,-1.2733
1992,9,0.0010937,-0.45013,-0.98565
1992,10,-0.060495,-0.19421,-0.77846
1992,11,0.51586,0.29267,-0.72769
1992,12,-1.4857,-0.20117,-0.84511
1993,1,-1.3393,-0.37678,-0.85066
1993,2,-0.71619,-0.76797,-0.87641
1993,3,1.2273,-0.48448,-0.65444
1993,4,-0.493,-0.32101,-0.62903
1993,5,-0.94158,-0.38806,-0.63927
1993,6,0.061426,-0.1557,-0.36278
1993,7,0.22507,-0.33368,-0.11965
1993,8,-1.9103,-0.90923,-0.9815
1993,9,1.0243,-0.15264,-0.48273
1993,10,-0.0486,0.054126,-0.20548
1993,11,-0.45304,-0.20867,-0.36854
1993,12,-0.9788,0.79998,-0.20462
1994,1,0.35604,-0.098934,-0.099513
1994,2,1.0486,0.18746,-0.019823
1994,3,-1.624,-0.15485,-0.27105
1994,4,1.3884,0.36371,-0.055053
1994,5,-1.4623,-0.58217,-0.16046
1994,6,0.82202,0.26278,0.17998
1994,7,1.4365,1.403,0.69587
1994,8,0.89934,1.2587,1.5339
1994,9,-0.58076,0.84995,0.93702
1994,10,-0.32134,0.74091,0.84908
1994,11,-0.36414,0.1993,0.87121
1994,12,-1.047,-0.22526,0.80608
1995,1,2.0156,0.23194,0.94312
1995,2,0.68963,0.74104,0.9499
1995,3,1.1361,1.2353,1.0766
1995,4,-0.059709,1.2702,0.90537
1995,5,0.20594,0.9459,1.1575
1995,6,-1.4107,-0.5755,0.5901
1995,7,0.76928,-0.023743,0.26808
1995,8,0.41438,0.24439,0.11553
1995,9,0.14466,0.020935,0.29684
1995,10,0.0051526,0.50646,0.24913
1995,11,0.21463,0.33415,0.29226
1995,12,-0.14718,0.13301,0.26849
1996,1,0.56744,0.35454,0.14952
1996,2,-0.023215,0.21019,0.11044
1996,3,-0.64435,-0.34466,0.017345
1996,4,-0.33597,-0.29582,0.022095
1996,5,-1.2731,-1.152,-0.25683
1996,6,1.0132,0.20183,0.38203
1996,7,-0.75586,-0.056096,-0.013548
1996,8,1.2778,0.60583,0.27703
1996,9,-0.45742,0.41749,0.088409
1996,10,1.1087,0.177,0.23153
1996,11,-1.3655,0.36919,0.037634
1996,12,-1.1757,-0.23363,0.11596
1997,1,0.28856,0.086468,0.055131
1997,2,-0.66617,-1.2547,-0.045737
1997,3,0.33051,-0.28399,-0.01664
1997,4,2.0207,0.77228,0.20457
1997,5,-0.01725,0.53715,0.21011
1997,6,0.21985,0.44652,-0.10143
1997,7,-0.70747,-0.12451,0.068349
1997,8,-0.1097,-0.54864,-0.31578
1997,9,-0.36337,-0.43218,-0.36762
1997,10,0.44685,-0.40947,-0.59221
1997,11,2.4564,0.26819,-0.077299
1997,12,3.4745,1.1036,0.38309
1998,1,0.78992,2.0341,0.44724
1998,2,0.88369,2.7975,0.6147
1998,3,1.2359,2.5541,0.71243
1998,4,0.24956,1.1075,0.54661
1998,5,-1.3666,0.38394,0.48215
1998,6,-0.20723,-0.22229,0.36107
1998,7,-0.1424,-0.71064,0.48723
1998,8,-0.46924,-0.85274,0.31629
1998,9,0.98133,-0.064441,0.81528
1998,10,1.6812,0.48471,1.1156
1998,11,1.157,0.93991,0.96926
1998,12,-1.6744,1.2822,0.44855
1999,1,-0.69724,1.4339,0.38815
1999,2,-0.23306,0.022443,0.24698
1999,3,-1.7438,-1.6273,-0.076892
1999,4,-3.397,-2.493,-0.33301
1999,5,1.8121,-0.80546,0.097759
1999,6,0.48267,-0.014484,0.29161
1999,7,-0.787,-0.32072,0.18888
1999,8,-0.91136,-0.3843,-0.01053
1999,9,-0.094241,-0.67872,-0.23767
1999,10,1.2519,-0.20663,-0.32271
1999,11,-1.1473,-0.026276,-0.57756
1999,12,-1.269,0.22851,-0.62331
2000,1,-1.3275,0.26178,-0.65289
2000,2,1.271,-0.84687,-0.44054
2000,3,-0.5817,-0.6,-0.34234
2000,4,-1.8352,-0.87961,-0.21022
2000,5,1.4691,0.40052,-0.39808
2000,6,0.70935,0.24895,-0.23695
2000,7,-0.18642,0.35376,0.034255
2000,8,-0.87084,-0.071683,0.058356
2000,9,-1.2711,-0.61095,-0.53129
2000,10,-2.2831,-1.3223,-1.1998
2000,11,-1.4458,-1.9715,-1.2912
2000,12,-2.4679,-2.2631,-1.2847
2001,1,-0.93092,-3.0227,-1.2922
2001,2,-1.9725,-2.9259,-1.6429
2001,3,-0.08296,-2.0986,-1.5758
2001,4,0.77168,-0.76027,-1.3495
2001,5,0.51842,-0.14764,-1.4395
2001,6,1.7597,1.5161,-0.99151
2001,7,-0.1947,1.1489,-1.0077
2001,8,-1.2562,0.17018,-1.1488
2001,9,-2.1282,-0.4524,-1.3282
2001,10,0.49757,-0.90206,-0.62621
2001,11,-1.0496,-1.4486,-0.60948
2001,12,-1.6937,-1.5582,-0.58828
2002,1,0.12206,-0.18194,-0.48555
2002,2,0.34499,-0.88757,-0.29765
2002,3,-0.47419,-0.67507,-0.26145
2002,4,-0.6875,-0.44276,-0.37729
2002,5,-0.21568,-0.52202,-0.44689
2002,6,0.13443,-0.32682,-1.0672
2002,7,-4.6045,-3.3606,-2.9291
2002,8,-0.40264,-2.7401,-2.6863
2002,9,-0.96427,-2.5369,-2.3261
2002,10,-1.2704,-2.6114,-2.5778
2002,11,-1.2815,-1.3063,-2.6939
2002,12,-2.126,-1.5888,-2.7189
2003,1,-0.65037,-1.9619,-2.7499
2003,2,1.1447,-0.58678,-2.5863
2003,3,0.49895,0.070932,-2.4193
2003,4,-0.55522,0.38689,-2.3975
2003,5,-1.8748,-0.35239,-2.5528
2003,6,-0.2828,-0.77538,-2.6204
2003,7,0.65822,-0.30157,-0.97216
2003,8,-0.06535,-0.27128,-0.90095
2003,9,0.13785,0.18124,-0.41548
2003,10,-0.035906,0.52072,-0.019878
2003,11,-0.71913,0.054487,-0.038185
2003,12,0.37966,0.20549,0.13163
2004,1,0.59844,0.053802,0.24602
2004,2,-1.1552,-0.75718,-0.051223
2004,3,-2.9166,-1.813,-0.384
2004,4,0.15152,-1.5232,-0.22785
2004,5,1.2138,-1.0165,0.16704
2004,6,0.28234,-0.021473,0.24139
2004,7,-1.7548,-0.77772,-0.78929
2004,8,-0.40258,-0.69474,-0.74559
2004,9,-1.4432,-1.4169,-1.4564
2004,10,1.1156,-1.0221,-1.2431
2004,11,-1.3616,-0.61052,-1.2441
2004,12,-1.3909,-0.97695,-1.3815
2005,1,0.90385,0.35145,-1.3274
2005,2,0.31857,-0.35101,-1.1388
2005,3,0.60044,0.3674,-0.74737
2005,4,-0.26122,0.74104,-0.81895
2005,5,-0.70443,-0.01322,-1.1029
2005,6,-0.62891,-0.49412,-1.3077
2005,7,0.91458,0.15131,-0.37169
2005,8,-1.6432,-0.79329,-0.97658
2005,9,1.1519,0.0028225,-0.022155
2005,10,0.34027,0.49444,0.027334
2005,11,-1.5779,0.1124,0.14476
2005,12,-0.60782,0.99409,0.23308
2006,1,-2.4856,-0.53126,0.10113
2006,2,-3.0196,-2.9343,-0.15273
2006,3,1.2403,-1.272,-0.11139
2006,4,-0.12879,-1.0505,-0.13542
2006,5,0.88834,0.21243,0.075743
2006,6,0.12561,0.62627,0.20247
2006,7,-0.053764,0.13052,-0.054473
2006,8,0.28117,0.43307,0.77098
2006,9,0.21398,0.20801,0.35317
2006,10,-0.52077,0.031362,-0.088585
2006,11,1.0614,0.12958,-0.015112
2006,12,-0.56924,-0.18575,-0.048889
2007,1,-2.219,-0.88102,-0.087103
2007,2,1.2493,0.62984,0.33445
2007,3,0.57091,0.24154,0.30213
2007,4,-1.0475,0.14972,0.26456
2007,5,0.086828,0.62625,0.058211
2007,6,1.0586,0.8302,0.42208
2007,7,-0.14479,0.20793,0.45937
2007,8,0.09963,0.25859,0.21817
2007,9,1.1144,0.71944,0.43908
2007,10,-1.0982,0.10236,0.40092
2007,11,-1.6246,-0.09649,0.15369
2007,12,-0.23981,0.015827,0.21284
2008,1,-0.31644,-1.2694,0.39065
2008,2,0.43418,-0.62826,0.17284
2008,3,0.030616,0.23627,0.11744
2008,4,-0.28682,0.11375,0.16958
2008,5,0.072513,0.16104,0.19998
2008,6,1.3858,1.4094,0.5384
2008,7,-0.78257,0.22156,0.41001
2008,8,0.58152,0.50617,0.51812
2008,9,-0.0086721,0.52701,0.15081
2008,10,-0.99167,-0.50632,0.078843
2008,11,-0.76275,-0.32199,0.19505
2008,12,-0.98843,-0.71371,0.12793
2009,1,-1.5233,-1.5107,0.081565
2009,2,-2.2028,-1.9975,-0.044892
2009,3,-1.1818,-2.4995,-0.36426
2009,4,-1.8621,-2.9056,-0.45625
2009,5,-0.11403,-2.3425,-0.39828
2009,6,-2.263,-2.6184,-1.7308
2009,7,-0.5762,-1.9708,-1.7736
2009,8,-1.7574,-2.1842,-2.6047
2009,9,-0.76231,-2.006,-2.8665
2009,10,0.026349,-1.2301,-2.3826
2009,11,1.7207,-0.947,-2.1023
2009,12,0.11992,-0.26596,-2.0724
2010,1,-0.2217,0.4829,-2.0164
2010,2,-0.72783,0.35519,-1.9637
2010,3,-2.0605,-1.2888,-1.9817
2010,4,-2.3215,-2.2162,-1.8494
2010,5,-0.55733,-2.3236,-1.749
2010,6,-0.60135,-1.6731,-1.3116
2010,7,0.58715,-0.032593,-1.1585
2010,8,0.73063,0.4523,-0.22329
2010,9,1.0273,0.53027,0.33145
2010,10,0.13504,0.6101,0.28707
2010,11,1.9092,1.0992,0.41286
2010,12,0.99148,1.3036,0.53893
2011,1,-1.271,0.9591,0.50799
2011,2,0.075327,1.3122,0.65823
2011,3,-1.0635,-0.44602,0.727
2011,4,0.75733,-0.54066,0.79367
2011,5,0.12913,-0.10024,0.70285
2011,6,0.84804,0.52559,1.2306
2011,7,-0.55515,0.22913,1.0067
2011,8,1.3853,0.69421,1.2007
2011,9,0.83528,0.87171,1.0941
2011,10,-1.262,0.074394,0.70894
2011,11,-1.081,0.24707,0.2133
2011,12,-1.0726,-0.31935,0.029689
2012,1,0.9824,-1.2599,0.22793
2012,2,-1.0297,-0.79213,0.10894
2012,3,-1.6417,-1.1632,0.030588
2012,4,0.86304,-0.20695,0.082391
2012,5,-1.6285,-1.6114,-0.10185
2012,6,-1.4606,-1.7608,-0.76819
2012,7,-0.26543,-1.142,-0.68394
2012,8,0.71998,-0.728,-0.92385
2012,9,0.62919,-0.062846,-1.0048
2012,10,-0.84215,0.082748,-0.77757
2012,11,-0.049311,0.283,-0.64497
2012,12,-0.74682,-0.073709,-0.63527
2013,1,-1.098,-1.096,-0.78743
2013,2,1.1057,0.24182,-0.51073
2013,3,-0.80748,-0.39828,-0.44976
2013,4,0.33473,0.16071,-0.61868
2013,5,-1.2635,0.15916,-0.47945
2013,6,1.7759,1.0269,0.43711
2013,7,0.6718,1.3086,0.89162
2013,8,0.39565,1.2527,0.79682
2013,9,-0.51374,0.90761,0.42705
2013,10,1.7643,0.77976,1.0705
2013,11,-0.23522,0.51827,0.98525
2013,12,-0.44295,0.2992,0.98472
2014,1,0.78623,1.3793,1.0823
2014,2,1.2001,0.33796,0.99287
2014,3,1.1833,1.1441,1.2183
2014,4,-0.93126,0.93274,1.0923
2014,5,0.80427,1.2582,1.2558
2014,6,-2.4402,-1.2075,0.20939
2014,7,-0.77805,-1.7844,-0.3032
2014,8,-0.81184,-1.675,-0.86456
2014,9,0.28054,-1.467,-0.61866
2014,10,-0.36991,-0.79424,-1.2742
2014,11,-1.1123,-0.78923,-1.3317
2014,12,0.43497,-0.31168,-1.2455
2015,1,0.74916,-0.52397,-1.2567
2015,2,-0.74747,-0.36179,-1.4271
2015,3,2.0358,1.2422,-1.1683
2015,4,2.3759,2.2705,-0.67358
2015,5,-1.2566,1.8507,-0.89839
2015,6,0.9393,1.8337,-0.080849
2015,7,-1.1767,0.51654,-0.039573
2015,8,-1.5022,-0.85715,-0.21815
2015,9,-1.3891,-1.13,-0.76413
2015,10,-1.2318,-1.8198,-0.89001
2015,11,-0.11375,-1.8697,-0.69402
2015,12,-0.69056,-1.7313,-0.73758
2016,1,-1.9299,-1.804,-0.87162
2016,2,-1.3362,-1.559,-0.95723
2016,3,-0.42622,-1.7457,-1.3789
2016,4,-2.1103,-2.2803,-1.8136
2016,5,0.12905,-1.3285,-1.6662
2016,6,-0.22901,-0.53747,-1.9484
2016,7,0.71634,0.18368,-1.712
2016,8,-0.61224,0.17627,-1.1284
2016,9,-0.54597,-0.11027,-0.68032
2016,10,-0.44918,-0.35843,-0.52368
2016,11,-2.8091,-1.0468,-0.92917
2016,12,-2.185,-1.3681,-0.9868
2017,1,-0.63346,-1.198,-0.79387
2017,2,-1.7955,-2.5445,-0.7811
2017,3,-0.21152,-1.5161,-0.76668
2017,4,-1.7616,-1.669,-0.69942
2017,5,-0.73441,-1.9945,-0.84306
2017,6,0.62018,-0.10489,-0.63624
2017,7,-0.18875,-0.016206,-0.94242
2017,8,-1.1039,-0.51596,-1.3043
2017,9,-0.76962,-0.5889,-1.5505
2017,10,-0.94266,-0.79329,-1.1721
2017,11,-0.69558,-1.4342,-1.1022
2017,12,-0.31858,-0.81277,-0.96552
2018,1,-2.5057,-1.1314,-1.1325
2018,2,-0.75094,-1.5388,-1.0374
2018,3,-1.0637,-1.734,-1.0602
2018,4,0.38781,-1.0852,-0.86132
2018,5,-0.031092,-0.26499,-0.61548
2018,6,0.14181,0.34262,-0.7154
2018,7,-0.24817,0.42529,-0.96002
2018,8,-1.1771,-0.3701,-0.86831
2018,9,-1.5021,-1.1985,-1.0967
2018,10,-1.7686,-1.4762,-1.3519
2018,11,-1.4028,-1.8989,-1.362
2018,12,0.54009,-1.8028,-1.3299
2019,1,-0.69417,-1.6586,-1.1351
2019,2,1.0244,0.2821,-0.82108
2019,3,0.18284,0.75385,-0.73647
2019,4,-0.058421,0.62983,-0.77977
2019,5,-0.52435,0.57077,-0.93123
2019,6,-0.88143,-0.52271,-1.2153
2019,7,0.24021,-0.24827,-1.1625
2019,8,0.69996,0.20777,-0.47464
2019,9,1.5673,0.92148,0.76307
2019,10,1.5026,1.4879,1.3542
2019,11,1.2462,1.8335,1.5821
2019,12,2.0599,2.1589,1.6749
2020,1,1.7088,2.1388,1.7618
2020,2,0.28849,1.5644,1.4924
2020,3,2.0995,2.149,1.7486
2020,4,1.3056,2.1908,1.8712
2020,5,0.56242,2.0386,1.9839
2020,6,1.4622,2.3997,2.5211
2020,7,-0.61131,1.2103,2.6012
2020,8,0.94936,1.373,2.7281
2020,9,-0.17069,0.75941,2.0572
2020,10,-0.40925,0.14217,1.6216
2020,11,0.19434,0.50163,1.5738
2020,12,-0.046599,-0.15221,1.4576
2021,1,0.38472,0.089507,1.3922
2021,2,-1.3991,-0.87193,1.3003
2021,3,-1.5593,-1.4795,0.80586
2021,4,-0.80817,-1.646,0.5139
2021,5,3.0089,0.80535,0.87946
2021,6,0.98093,1.4245,0.69918
2021,7,-0.22288,1.2582,0.90438
2021,8,-1.8093,0.29872,-0.25225
2021,9,1.3487,0.26747,0.54988
2021,10,1.2188,0.2208,0.70068
2021,11,0.93729,0.78431,0.92102
2021,12,1.471,1.8781,1.0289
2022,1,2.1649,1.8529,1.0693
2022,2,0.58812,1.9812,1.2862
2022,3,-1.391,0.56453,1.1925
2022,4,-1.8217,-0.5959,1.0449
2022,5,0.62227,-1.1702,0.68089
2022,6,-0.36365,-1.4783,0.25315
2022,7,1.2718,0.43432,0.86996
2022,8,0.39596,0.94362,1.3648
2022,9,0.61756,0.85011,1.0164
2022,10,1.3335,1.2282,1.0439
2022,11,-0.27866,0.88362,0.85843
2022,12,-0.030838,0.90904,0.80312
2023,1,0.0070329,1.0117,0.5898
2023,2,-2.2294,-1.5237,0.28185
2023,3,1.3951,0.051302,0.79215
2023,4,1.3055,0.58732,1.183
2023,5,1.2717,1.157,1.1768
2023,6,0.054589,1.1832,1.2156
2023,7,0.74019,1.1037,1.1667
2023,8,-2.5526,-0.41639,0.32582
2023,9,0.48746,-0.37304,0.3401
2023,10,-0.53339,-0.66756,-0.32699
2023,11,1.1008,-1.0998,-0.17688
2023,12,1.1544,0.27566,-0.09094
2024,1,0.27408,0.07617,-0.052548
2024,2,0.10072,0.75496,0.2079
2024,3,0.53053,0.7561,0.089052
2024,4,0.14645,0.31618,-0.10254
2024,5,0.01993,0.61938,-0.27051
2024,6,-0.10975,0.22912,-0.30376
2024,7,0.27801,0.19627,-0.51501
2024,8,1.3389,0.8074,0.73985
2024,9,0.70831,0.91113,0.82715
2024,10,0.12751,0.9666,0.9904
2024,11,-0.030388,0.92322,0.8989
2024,12,0.84061,0.68527,0.92144
2025,1,-1.616,-0.23311,0.84221
2025,2,-0.80748,-0.76979,0.80705
2025,3,-0.86785,-1.1463,0.63019
2025,4,0.10253,-1.1761,0.63305
2025,5,2.8217,1.2791,1.1675
2025,6,0.58205,1.4922,1.2786
2025,7,0.52479,1.6427,1.3112
2025,8,0.66885,1.5113,1.0848
2025,9,0.32261,0.62935,0.8768
2025,10,1.4194,0.82127,1.074
2025,11,-0.62697,0.61138,1.0852
2025,12,-2.2298,0.42532,0.88442
